{"ENTITY_ID":40,"tables":[{"id":"dc52d249-5298-4210-a06f-25021e484a89","position":{"x":646,"y":49},"data":{"table_name":"person","fields":[{"fieldName":"cc","fieldType":10,"isPK":false,"isNotNull":true,"isUnique":false,"defaultValue":"","args":["512"],"isAutoIncrement":false},{"fieldName":"name","fieldType":10,"isPK":false,"isNotNull":true,"isUnique":false,"defaultValue":"","args":["512"],"isAutoIncrement":false},{"fieldName":"created_at","fieldType":8,"isPK":false,"isNotNull":true,"isUnique":false,"defaultValue":"","args":"","isAutoIncrement":false},{"fieldName":"phone","fieldType":3,"isPK":false,"isNotNull":true,"isUnique":false,"defaultValue":"","args":"","isAutoIncrement":false},{"fieldName":"address","fieldType":10,"isPK":false,"isNotNull":true,"isUnique":false,"defaultValue":"","args":["512"],"isAutoIncrement":false},{"fieldName":"zip_code","fieldType":8,"isPK":false,"isNotNull":true,"isUnique":false,"defaultValue":"","args":"","isAutoIncrement":false},{"fieldName":"city","fieldType":10,"isPK":false,"isNotNull":true,"isUnique":false,"defaultValue":"","args":["512"],"isAutoIncrement":false}],"next_id":11,"checkName":[],"checkCondition":[]}},{"id":"e1b54e2d-5dcb-47ed-b726-9d62712ab9c9","position":{"x":645,"y":277},"data":{"table_name":"artist","fields":[{"fieldName":"artistic_name","fieldType":10,"isPK":false,"isNotNull":true,"isUnique":false,"defaultValue":"","args":["512"],"isAutoIncrement":false}],"next_id":1,"checkName":[],"checkCondition":[]}},{"id":"95b65a79-d67f-485b-9367-c32e6cee00c6","position":{"x":1117,"y":85},"data":{"table_name":"administrator","fields":[],"next_id":1,"checkName":[],"checkCondition":[]}},{"id":"5be1523c-3b43-4c32-8648-f2901b2541c1","position":{"x":868,"y":-185},"data":{"table_name":"login","fields":[{"fieldName":"id","fieldType":3,"isPK":true,"isNotNull":false,"isUnique":false,"defaultValue":"","args":"","isAutoIncrement":true},{"fieldName":"username","fieldType":10,"isPK":false,"isNotNull":true,"isUnique":true,"defaultValue":"","args":["512"],"isAutoIncrement":false},{"fieldName":"email","fieldType":10,"isPK":false,"isNotNull":true,"isUnique":true,"defaultValue":"","args":["512"],"isAutoIncrement":false},{"fieldName":"password","fieldType":10,"isPK":false,"isNotNull":true,"isUnique":false,"defaultValue":"","args":["512"],"isAutoIncrement":false},{"fieldName":"role","fieldType":2,"isPK":false,"isNotNull":true,"isUnique":false,"defaultValue":"","args":"","isAutoIncrement":false}],"next_id":6,"checkName":[],"checkCondition":[]}},{"id":"1f5afee4-483c-461b-a318-4b455607338e","position":{"x":189,"y":75},"data":{"table_name":"consumer","fields":[{"fieldName":"expire_date","fieldType":7,"isPK":false,"isNotNull":true,"isUnique":false,"defaultValue":"","args":"","isAutoIncrement":false}],"next_id":4,"checkName":[],"checkCondition":[]}},{"id":"5b4b39f9-4993-475b-8cdb-1c2c98080681","position":{"x":-182,"y":-176},"data":{"table_name":"subscription","fields":[{"fieldName":"id","fieldType":3,"isPK":true,"isNotNull":false,"isUnique":false,"defaultValue":"","args":"","isAutoIncrement":true},{"fieldName":"movement_date","fieldType":8,"isPK":false,"isNotNull":true,"isUnique":false,"defaultValue":"","args":"","isAutoIncrement":false}],"next_id":5,"checkName":[],"checkCondition":[]}},{"id":"fd4a5628-251b-4c6a-887f-dd6bf840f0d2","position":{"x":-763,"y":208},"data":{"table_name":"playlist","fields":[{"fieldName":"id","fieldType":3,"isPK":true,"isNotNull":false,"isUnique":false,"defaultValue":"","args":"","isAutoIncrement":true},{"fieldName":"name","fieldType":10,"isPK":false,"isNotNull":true,"isUnique":false,"defaultValue":"","args":["512"],"isAutoIncrement":false},{"fieldName":"created_at","fieldType":8,"isPK":false,"isNotNull":true,"isUnique":false,"defaultValue":"","args":"","isAutoIncrement":false},{"fieldName":"private","fieldType":0,"isPK":false,"isNotNull":true,"isUnique":false,"defaultValue":"","args":[1,1],"isAutoIncrement":false}],"next_id":4,"checkName":[],"checkCondition":[]}},{"id":"25a4b5b3-d7f8-4e38-8a5a-66496d2a2465","position":{"x":23,"y":578},"data":{"table_name":" song","fields":[{"fieldName":"ismn","fieldType":10,"isPK":true,"isNotNull":false,"isUnique":false,"defaultValue":"","args":["512"],"isAutoIncrement":false},{"fieldName":"title","fieldType":10,"isPK":false,"isNotNull":true,"isUnique":false,"defaultValue":"","args":["512"],"isAutoIncrement":false},{"fieldName":"genre","fieldType":10,"isPK":false,"isNotNull":true,"isUnique":false,"defaultValue":"","args":["512"],"isAutoIncrement":false},{"fieldName":"release_date","fieldType":8,"isPK":false,"isNotNull":true,"isUnique":false,"defaultValue":"","args":"","isAutoIncrement":false},{"fieldName":"duration","fieldType":8,"isPK":false,"isNotNull":true,"isUnique":false,"defaultValue":"","args":"","isAutoIncrement":false}],"next_id":5,"checkName":[],"checkCondition":[]}},{"id":"06d05923-bd1e-49bd-ac51-aafdd6c91b86","position":{"x":351,"y":827},"data":{"table_name":"comment","fields":[{"fieldName":"id","fieldType":3,"isPK":true,"isNotNull":true,"isUnique":false,"defaultValue":"","args":"","isAutoIncrement":true},{"fieldName":"coment","fieldType":10,"isPK":false,"isNotNull":true,"isUnique":false,"defaultValue":"","args":["512"],"isAutoIncrement":false}],"next_id":6,"checkName":[],"checkCondition":[]}},{"id":"7e389bf2-b350-451b-99a9-6175b9764f2e","position":{"x":-185,"y":-495},"data":{"table_name":"pay_card","fields":[{"fieldName":"id","fieldType":9,"isPK":true,"isNotNull":false,"isUnique":false,"defaultValue":"","args":"16","isAutoIncrement":false},{"fieldName":"limit_date","fieldType":8,"isPK":false,"isNotNull":true,"isUnique":false,"defaultValue":"","args":"","isAutoIncrement":false},{"fieldName":"amount","fieldType":5,"isPK":false,"isNotNull":true,"isUnique":false,"defaultValue":"","args":"","isAutoIncrement":false}],"next_id":4,"checkName":[],"checkCondition":[]}},{"id":"2a6946a5-69e2-4a67-b594-41f531e5f22b","position":{"x":648,"y":569},"data":{"table_name":"publisher","fields":[{"fieldName":"id","fieldType":3,"isPK":true,"isNotNull":false,"isUnique":false,"defaultValue":"","args":"","isAutoIncrement":true},{"fieldName":"name","fieldType":10,"isPK":false,"isNotNull":true,"isUnique":false,"defaultValue":"","args":["512"],"isAutoIncrement":false}],"next_id":2,"checkName":[],"checkCondition":[]}},{"id":"1edc1b73-97f3-414f-8542-33d8dc311e23","position":{"x":-934,"y":541},"data":{"table_name":"album","fields":[{"fieldName":"id","fieldType":3,"isPK":true,"isNotNull":false,"isUnique":false,"defaultValue":"","args":"","isAutoIncrement":true},{"fieldName":"name","fieldType":10,"isPK":false,"isNotNull":true,"isUnique":false,"defaultValue":"","args":["512"],"isAutoIncrement":false},{"fieldName":"releaseDate","fieldType":8,"isPK":false,"isNotNull":true,"isUnique":false,"defaultValue":"","args":"","isAutoIncrement":false}],"next_id":3,"checkName":[],"checkCondition":[]}},{"id":"a29c4054-9ef1-4545-8ba6-5b4727a42da1","position":{"x":-736,"y":-191},"data":{"table_name":"plan","fields":[{"fieldName":"id","fieldType":3,"isPK":true,"isNotNull":false,"isUnique":false,"defaultValue":"","args":"","isAutoIncrement":true},{"fieldName":"duration","fieldType":8,"isPK":false,"isNotNull":true,"isUnique":false,"defaultValue":"","args":"","isAutoIncrement":false},{"fieldName":"price","fieldType":5,"isPK":false,"isNotNull":true,"isUnique":false,"defaultValue":"","args":"","isAutoIncrement":false}],"next_id":3,"checkName":[],"checkCondition":[]}},{"id":"f2c54b6b-ce92-4528-9d25-5cefd5f8fac4","position":{"x":37,"y":290},"data":{"table_name":"activity","fields":[{"fieldName":"id","fieldType":3,"isPK":true,"isNotNull":false,"isUnique":false,"defaultValue":"","args":[1,1],"isAutoIncrement":true},{"fieldName":"initial_date","fieldType":8,"isPK":false,"isNotNull":true,"isUnique":false,"defaultValue":"","args":"","isAutoIncrement":false}],"next_id":2,"checkName":[],"checkCondition":[]}},{"id":"bf223c4b-07f0-4851-9797-71c831a61166","position":{"x":-447,"y":568},"data":{"table_name":"song_order","fields":[{"fieldName":"id","fieldType":3,"isPK":true,"isNotNull":false,"isUnique":false,"defaultValue":"","args":"","isAutoIncrement":true},{"fieldName":"song_order","fieldType":2,"isPK":false,"isNotNull":true,"isUnique":false,"defaultValue":"","args":"","isAutoIncrement":false}],"next_id":2,"checkName":[],"checkCondition":[]}},{"id":"470054aa-fe5b-490e-96c6-d29d779ed5fd","position":{"x":-291,"y":270},"data":{"table_name":"top_10_order","fields":[{"fieldName":"id","fieldType":3,"isPK":true,"isNotNull":false,"isUnique":false,"defaultValue":"","args":[1,1],"isAutoIncrement":false},{"fieldName":"song_order","fieldType":2,"isPK":false,"isNotNull":true,"isUnique":false,"defaultValue":"","args":"","isAutoIncrement":false}],"next_id":2,"checkName":[],"checkCondition":[]}}],"links":[{"source":"e1b54e2d-5dcb-47ed-b726-9d62712ab9c9","target":"dc52d249-5298-4210-a06f-25021e484a89","order":"parenting","sourceCard":"0:1","targetCard":"0:1","label":"complete","hierType":"complete","sourceisweak":false,"targetisweak":false},{"source":"dc52d249-5298-4210-a06f-25021e484a89","target":"5be1523c-3b43-4c32-8648-f2901b2541c1","order":"parenting","sourceCard":"0:1","targetCard":"0:1","label":"complete","hierType":"complete","sourceisweak":false,"targetisweak":false},{"source":"95b65a79-d67f-485b-9367-c32e6cee00c6","target":"5be1523c-3b43-4c32-8648-f2901b2541c1","order":"parenting","sourceCard":"0:1","targetCard":"0:1","label":"complete","hierType":"complete","sourceisweak":false,"targetisweak":false},{"source":"1f5afee4-483c-461b-a318-4b455607338e","target":"dc52d249-5298-4210-a06f-25021e484a89","order":"parenting","sourceCard":"0:1","targetCard":"0:1","label":"complete","hierType":"complete","sourceisweak":false,"targetisweak":false},{"source":"5b4b39f9-4993-475b-8cdb-1c2c98080681","target":"1f5afee4-483c-461b-a318-4b455607338e","order":"normal","sourceCard":"0:n","targetCard":"1:1","label":"has","hierType":null,"sourceisweak":false,"targetisweak":false},{"source":"1f5afee4-483c-461b-a318-4b455607338e","target":"fd4a5628-251b-4c6a-887f-dd6bf840f0d2","order":"normal","sourceCard":"1:1","targetCard":"0:n","label":"created_by","hierType":null,"sourceisweak":false,"targetisweak":false},{"source":"25a4b5b3-d7f8-4e38-8a5a-66496d2a2465","target":"06d05923-bd1e-49bd-ac51-aafdd6c91b86","order":"normal","sourceCard":"1:1","targetCard":"0:n","label":"has","hierType":null,"sourceisweak":false,"targetisweak":false},{"source":"06d05923-bd1e-49bd-ac51-aafdd6c91b86","target":"06d05923-bd1e-49bd-ac51-aafdd6c91b86","order":"normal","sourceCard":"0:1","targetCard":"0:n","label":"refers","hierType":null,"sourceisweak":false,"targetisweak":false},{"source":"e1b54e2d-5dcb-47ed-b726-9d62712ab9c9","target":"2a6946a5-69e2-4a67-b594-41f531e5f22b","order":"normal","sourceCard":"0:n","targetCard":"1:1","label":"belongs","hierType":null,"sourceisweak":false,"targetisweak":false},{"source":"e1b54e2d-5dcb-47ed-b726-9d62712ab9c9","target":"25a4b5b3-d7f8-4e38-8a5a-66496d2a2465","order":"normal","sourceCard":"1:n","targetCard":"0:n","label":"publish","hierType":null,"sourceisweak":false,"targetisweak":false},{"source":"1f5afee4-483c-461b-a318-4b455607338e","target":"06d05923-bd1e-49bd-ac51-aafdd6c91b86","order":"normal","sourceCard":"1:1","targetCard":"0:n","label":"writes","hierType":null,"sourceisweak":false,"targetisweak":false},{"source":"7e389bf2-b350-451b-99a9-6175b9764f2e","target":"95b65a79-d67f-485b-9367-c32e6cee00c6","order":"normal","sourceCard":"0:n","targetCard":"1:1","label":"issued by","hierType":null,"sourceisweak":false,"targetisweak":false},{"source":"a29c4054-9ef1-4545-8ba6-5b4727a42da1","target":"5b4b39f9-4993-475b-8cdb-1c2c98080681","order":"normal","sourceCard":"1:1","targetCard":"0:n","label":"type","hierType":null,"sourceisweak":false,"targetisweak":false},{"source":"25a4b5b3-d7f8-4e38-8a5a-66496d2a2465","target":"2a6946a5-69e2-4a67-b594-41f531e5f22b","order":"normal","sourceCard":"0:n","targetCard":"1:1","label":"publishes","hierType":null,"sourceisweak":false,"targetisweak":false},{"source":"5b4b39f9-4993-475b-8cdb-1c2c98080681","target":"7e389bf2-b350-451b-99a9-6175b9764f2e","order":"normal","sourceCard":"0:n","targetCard":"1:n","label":"used to pay","hierType":null,"sourceisweak":false,"targetisweak":false},{"source":"2a6946a5-69e2-4a67-b594-41f531e5f22b","target":"1edc1b73-97f3-414f-8542-33d8dc311e23","order":"normal","sourceCard":"1:1","targetCard":"0:n","label":"publishes","hierType":null,"sourceisweak":false,"targetisweak":false},{"source":"1f5afee4-483c-461b-a318-4b455607338e","target":"f2c54b6b-ce92-4528-9d25-5cefd5f8fac4","order":"normal","sourceCard":"1:1","targetCard":"0:n","label":"listened","hierType":null,"sourceisweak":false,"targetisweak":true},{"source":"f2c54b6b-ce92-4528-9d25-5cefd5f8fac4","target":"25a4b5b3-d7f8-4e38-8a5a-66496d2a2465","order":"normal","sourceCard":"0:n","targetCard":"1:1","label":"listend","hierType":null,"sourceisweak":true,"targetisweak":false},{"source":"bf223c4b-07f0-4851-9797-71c831a61166","target":"1edc1b73-97f3-414f-8542-33d8dc311e23","order":"normal","sourceCard":"1:n","targetCard":"1:1","label":"belongs","hierType":null,"sourceisweak":true,"targetisweak":false},{"source":"bf223c4b-07f0-4851-9797-71c831a61166","target":"25a4b5b3-d7f8-4e38-8a5a-66496d2a2465","order":"normal","sourceCard":"0:n","targetCard":"1:1","label":"belongs","hierType":null,"sourceisweak":true,"targetisweak":false},{"source":"1f5afee4-483c-461b-a318-4b455607338e","target":"7e389bf2-b350-451b-99a9-6175b9764f2e","order":"normal","sourceCard":"0:1","targetCard":"0:n","label":"associated with","hierType":null,"sourceisweak":false,"targetisweak":false},{"source":"fd4a5628-251b-4c6a-887f-dd6bf840f0d2","target":"25a4b5b3-d7f8-4e38-8a5a-66496d2a2465","order":"normal","sourceCard":"0:n","targetCard":"0:n","label":"belongs","hierType":null,"sourceisweak":false,"targetisweak":false},{"source":"e1b54e2d-5dcb-47ed-b726-9d62712ab9c9","target":"95b65a79-d67f-485b-9367-c32e6cee00c6","order":"normal","sourceCard":"0:n","targetCard":"1:1","label":"created","hierType":null,"sourceisweak":false,"targetisweak":false},{"source":"25a4b5b3-d7f8-4e38-8a5a-66496d2a2465","target":"e1b54e2d-5dcb-47ed-b726-9d62712ab9c9","order":"normal","sourceCard":"0:n","targetCard":"1:1","label":"owns","hierType":null,"sourceisweak":false,"targetisweak":false},{"source":"470054aa-fe5b-490e-96c6-d29d779ed5fd","target":"25a4b5b3-d7f8-4e38-8a5a-66496d2a2465","order":"normal","sourceCard":"0:n","targetCard":"1:1","label":"new relation","hierType":null,"sourceisweak":true,"targetisweak":false},{"source":"470054aa-fe5b-490e-96c6-d29d779ed5fd","target":"1f5afee4-483c-461b-a318-4b455607338e","order":"normal","sourceCard":"1:n","targetCard":"1:1","label":"new relation","hierType":null,"sourceisweak":true,"targetisweak":false}],"normalization":1,"database":0}